model,accuracy,roc_auc
Gradient Boosting,0.9545454545454546,0.9873684210526316
Random Forest,0.8863636363636364,0.9705263157894737
Logistic Regression,0.8636363636363636,0.9557894736842105
